player,country,american_odds,implied_raw,p_gb
Kylian Mbappe,France,600,0.1429,0.06696
Harry Kane,England,700,0.125,0.05859
Erling Haaland,Norway,1400,0.0667,0.03125
Lionel Messi,Argentina,1600,0.0588,0.02757
Mikel Oyarzabal,Spain,1600,0.0588,0.02757
Lamine Yamal,Spain,2000,0.0476,0.02232
Cristiano Ronaldo,Portugal,2200,0.0435,0.02038
Julian Alvarez,Argentina,3000,0.0323,0.01512
Raphinha,Brazil,3000,0.0323,0.01512
Lautaro Martinez,Argentina,3000,0.0323,0.01512
Vinicius Junior,Brazil,3000,0.0323,0.01512
Ousmane Dembele,France,3000,0.0323,0.01512
Kai Havertz,Germany,3500,0.0278,0.01302
Nick Woltemade,Germany,4000,0.0244,0.01143
Igor Thiago,Belgium,4000,0.0244,0.01143
Florian Wirtz,Germany,4000,0.0244,0.01143
Ferran Torres,Spain,4000,0.0244,0.01143
Cody Gakpo,Netherlands,4000,0.0244,0.01143
Michael Olise,France,4500,0.0217,0.01019
Luis Diaz,Colombia,5000,0.0196,0.00919
Romelu Lukaku,Belgium,5000,0.0196,0.00919
Matheus Cunha,Brazil,5000,0.0196,0.00919
Jamal Musiala,Germany,5000,0.0196,0.00919
Ollie Watkins,England,5000,0.0196,0.00919
Bukayo Saka,England,5500,0.0179,0.00837
Luis Javier Suarez,Colombia,6000,0.0164,0.00768
Brian Brobbey,Netherlands,6000,0.0164,0.00768
Charles De Ketelaere,Belgium,6000,0.0164,0.00768
Lennart Karl,Germany,6000,0.0164,0.00768
Bruno Fernandes,Portugal,6000,0.0164,0.00768
Neymar,Brazil,6000,0.0164,0.00768
Memphis Depay,Netherlands,6000,0.0164,0.00768
Jude Bellingham,England,6000,0.0164,0.00768
Desire Doue,France,6000,0.0164,0.00768
Donyell Malen,Netherlands,6500,0.0152,0.0071
Pedro Neto,Portugal,6500,0.0152,0.0071
Eberechi Eze,England,6500,0.0152,0.0071
Leroy Sane,Germany,6500,0.0152,0.0071
Jeremy Doku,Belgium,6500,0.0152,0.0071
Enner Valencia,Ecuador,6500,0.0152,0.0071
Marcus Thuram,France,6500,0.0152,0.0071
Darwin Nunez,Uruguay,6500,0.0152,0.0071
Kingsley Coman,France,8000,0.0123,0.00579
Deniz Undav,Germany,8000,0.0123,0.00579
Ante Budimir,Croatia,8000,0.0123,0.00579
Ivan Toney,England,8000,0.0123,0.00579
Alexander Isak,Sweden,8000,0.0123,0.00579
Viktor Gyokeres,Sweden,8000,0.0123,0.00579
Morgan Rogers,England,8000,0.0123,0.00579
Marcus Rashford,England,8000,0.0123,0.00579
Alexander Sorloth,Norway,8000,0.0123,0.00579
Dani Olmo,Spain,8000,0.0123,0.00579
Anthony Gordon,England,8000,0.0123,0.00579
Mohamed Salah,Egypt,8000,0.0123,0.00579
Goncalo Ramos,Portugal,8000,0.0123,0.00579
Sadio Mane,Senegal,8000,0.0123,0.00579
Christian Pulisic,United States,8000,0.0123,0.00579
Rafael Leao,Portugal,8000,0.0123,0.00579
Bradley Barcola,France,8000,0.0123,0.00579
Noa Lang,Netherlands,10000,0.0099,0.00464
Pedri,Spain,10000,0.0099,0.00464
Oscar Bobb,Norway,10000,0.0099,0.00464
Orbelin Pineda,Mexico,10000,0.0099,0.00464
Omar Marmoush,Egypt,10000,0.0099,0.00464
Mikel Merino,Spain,10000,0.0099,0.00464
Nicolas Jackson,Senegal,10000,0.0099,0.00464
Nico Williams,Spain,10000,0.0099,0.00464
Jorgen Strand Larsen,Norway,10000,0.0099,0.00464
Kang-In Lee,South Korea,10000,0.0099,0.00464
Leandro Trossard,Belgium,10000,0.0099,0.00464
Raul Jimenez,Mexico,10000,0.0099,0.00464
Antoine Semenyo,Ghana,10000,0.0099,0.00464
Ricardo Pepi,United States,10000,0.0099,0.00464
Riyad Mahrez,Algeria,10000,0.0099,0.00464
Takefusa Kubo,Japan,10000,0.0099,0.00464
Brahim Diaz,Morocco,10000,0.0099,0.00464
Brian Rodriguez,Uruguay,10000,0.0099,0.00464
Patrik Schick,Czech Republic,10000,0.0099,0.00464
Amad Diallo,Ivory Coast,10000,0.0099,0.00464
Federico Vinas,Uruguay,10000,0.0099,0.00464
Giorgian de Arrascaeta,Uruguay,10000,0.0099,0.00464
Edin Dzeko,Bosnia and Herzegovina,10000,0.0099,0.00464
Kendry Paez,Ecuador,10000,0.0099,0.00464
Kenan Yildiz,Turkey,10000,0.0099,0.00464
Breel Embolo,Switzerland,10000,0.0099,0.00464
Jhon Arias,Colombia,10000,0.0099,0.00464
Scott McTominay,Scotland,10000,0.0099,0.00464
Jean-Philippe Mateta,France,10000,0.0099,0.00464
Andrej Kramaric,Croatia,10000,0.0099,0.00464
Jonathan David,Canada,10000,0.0099,0.00464
Son Heung-min,South Korea,10000,0.0099,0.00464
Hirving Lozano,Mexico,10000,0.0099,0.00464
Marko Arnautovic,Austria,10000,0.0099,0.00464
Folarin Balogun,United States,10000,0.0099,0.00464
Ayase Ueda,Japan,10000,0.0099,0.00464
Youssef En-Nesyri,Morocco,10000,0.0099,0.00464
Cyle Larin,Canada,10000,0.0099,0.00464
Daizen Maeda,Japan,10000,0.0099,0.00464
Mehdi Taremi,Iran,10000,0.0099,0.00464
Federico Valverde,Uruguay,10000,0.0099,0.00464
Alphonso Davies,Canada,10000,0.0099,0.00464
Antonio Nusa,Norway,10000,0.0099,0.00464
Armando Gonzalez,Mexico,10000,0.0099,0.00464
Ayoub El Kaabi,Morocco,10000,0.0099,0.00464
Arda Guler,Turkey,10000,0.0099,0.00464
Enzo Fernandez,Argentina,10000,0.0099,0.00464
Gabriel Martinelli,Brazil,10000,0.0099,0.00464
Haji Wright,United States,10000,0.0099,0.00464
Granit Xhaka,Switzerland,10000,0.0099,0.00464
James Rodriguez,Colombia,10000,0.0099,0.00464
Kevin De Bruyne,Belgium,12500,0.0079,0.00372
Hwang Hee-chan,South Korea,15000,0.0066,0.0031
Nicolas Pepe,Ivory Coast,15000,0.0066,0.0031
Nikola Vlasic,Croatia,15000,0.0066,0.0031
Ismaila Sarr,Senegal,15000,0.0066,0.0031
Chris Wood,New Zealand,15000,0.0066,0.0031
Giovanni Reyna,United States,15000,0.0066,0.0031
Almoez Ali,Qatar,15000,0.0066,0.0031
Martin Odegaard,Norway,15000,0.0066,0.0031
Facundo Pellistri,Uruguay,15000,0.0066,0.0031
Salem Al-Dawsari,Saudi Arabia,17500,0.0057,0.00266
Musa Al-Taamari,Jordan,17500,0.0057,0.00266
Che Adams,Scotland,17500,0.0057,0.00266
Saleh Alshehri,Saudi Arabia,17500,0.0057,0.00266
Declan Rice,England,17500,0.0057,0.00266
Mohamed Toure,Ivory Coast,17500,0.0057,0.00266
Cedric Bakambu,DR Congo,17500,0.0057,0.00266
Christoph Baumgartner,Austria,17500,0.0057,0.00266
Kerim Alajbegovic,Bosnia and Herzegovina,17500,0.0057,0.00266
Daichi Kamada,Japan,25000,0.004,0.00187
Lawrence Shankland,Scotland,25000,0.004,0.00187
Lyndon Dykes,Scotland,25000,0.004,0.00187
Ryan Christie,Scotland,25000,0.004,0.00187
Julio Enciso,Paraguay,25000,0.004,0.00187
Lyle Foster,South Africa,40000,0.0025,0.00117
John McGinn,Scotland,40000,0.0025,0.00117
Martin Boyle,Scotland,40000,0.0025,0.00117
Nestory Irankunda,Australia,40000,0.0025,0.00117
Brenden Aaronson,United States,40000,0.0025,0.00117
Eldor Shomurodov,Uzbekistan,40000,0.0025,0.00117
Ryan Mendes,Cape Verde,40000,0.0025,0.00117
Ben Waine,New Zealand,50000,0.002,0.00094
